"","member","word","freq"
"1","Aldous, Peter","building",0.381926865463002
"2","Aldous, Peter","capacity",0.352122007509845
"3","Aldous, Peter","offering",0.352122007509845
"4","Aldous, Peter","grants",0.314572327276653
"5","Aldous, Peter","project",0.314572327276653
"6","Aldous, Peter","contracts",0.314572327276653
"7","Aldous, Peter","organisations",0.280023383046905
"8","Aldous, Peter","encouraging",0.271365408348639
"9","Aldous, Peter","charities",0.250218525093748
"10","Aldous, Peter","include",0.250218525093748
"11","Aldous, Peter","funding",0.178119900630809
"12","Aldous, Peter","culture",0.00886188002836403
"13","Allen, Heidi","downs",0.514236538567037
"14","Allen, Heidi","syndrome",0.514236538567037
"15","Allen, Heidi","class",0.323732734280533
"16","Allen, Heidi","disability",0.323732734280533
"17","Allen, Heidi","discreet",0.323732734280533
"18","Allen, Heidi","excluding",0.323732734280533
"19","Allen, Heidi","separate",0.323732734280533
"20","Allen, Heidi","clear",0.313615080113906
"21","Allen, Heidi","encompasses",0.313615080113906
"22","Allen, Heidi","harvesting",0.313615080113906
"23","Allen, Heidi","mass",0.313615080113906
"24","Allen, Heidi","athletes",0.285627948681438
"25","Antoniazzi, Tonia","gower",0.676381024985432
"26","Antoniazzi, Tonia","coverage",0.550197308642754
"27","Antoniazzi, Tonia","constituency",0.39097118652912
"28","Antoniazzi, Tonia","broadband",0.293652784053871
"29","Antoniazzi, Tonia","culture",0.0138468554567256
"30","Antoniazzi, Tonia","media",0.0134884858418846
"31","Antoniazzi, Tonia","sport",0.0134884858418846
"32","Antoniazzi, Tonia","digital",0.0120660853923838
"33","Antoniazzi, Tonia","architectur",0
"34","Antoniazzi, Tonia","build",0
"35","Antoniazzi, Tonia","fund",0
"36","Antoniazzi, Tonia","futur",0
"37","Baroness Armstrong of Hill Top","higher",0.447365658668312
"38","Baroness Armstrong of Hill Top","charitable",0.394708726875983
"39","Baroness Armstrong of Hill Top","250",0.383895577291165
"40","Baroness Armstrong of Hill Top","turnover",0.383895577291165
"41","Baroness Armstrong of Hill Top","payers",0.363906396374439
"42","Baroness Armstrong of Hill Top","rate",0.363906396374439
"43","Baroness Armstrong of Hill Top","given",0.363906396374439
"44","Baroness Armstrong of Hill Top","tax",0.325100049349136
"45","Baroness Armstrong of Hill Top","given",0.312277112489967
"46","Baroness Armstrong of Hill Top","less",0.293523136594793
"47","Baroness Armstrong of Hill Top","effectiveness",0.293523136594793
"48","Baroness Armstrong of Hill Top","grants",0.278976422762941
"49","Baroness Barker","tampon",0.766216200366689
"50","Baroness Barker","grant",0.63109049177315
"51","Baroness Barker","tax",0.63109049177315
"52","Baroness Barker","aims",0.4977434572587
"53","Baroness Barker","applicants",0.439156834054388
"54","Baroness Barker","life",0.370691395632394
"55","Baroness Barker","fund",0.357341590269072
"56","Baroness Barker","evaluation",0.327059366312302
"57","Baroness Barker","2009",0.327059366312302
"58","Baroness Barker","results",0.327059366312302
"59","Baroness Barker","awarded",0.301536265329682
"60","Baroness Barker","agreed",0.28342733699221
"61","Baroness Bonham-Carter of Yarnbury","withdrawal",1.58448323905419
"62","Baroness Bonham-Carter of Yarnbury","impact",1.35171866726148
"63","Baroness Bonham-Carter of Yarnbury","free",1.1894395725368
"64","Baroness Bonham-Carter of Yarnbury","movement",1.11800711661886
"65","Baroness Bonham-Carter of Yarnbury","eu",0.958882713208919
"66","Baroness Bonham-Carter of Yarnbury","deregulate",0.864696632472735
"67","Baroness Bonham-Carter of Yarnbury","musicians",0.818541400546313
"68","Baroness Bonham-Carter of Yarnbury","radio",0.81276679466705
"69","Baroness Bonham-Carter of Yarnbury","commercial",0.772486883137027
"70","Baroness Bonham-Carter of Yarnbury","uk",0.726118141416215
"71","Baroness Bonham-Carter of Yarnbury","workers",0.701141848444848
"72","Baroness Bonham-Carter of Yarnbury","consultation",0.513438044950511
"73","Baroness Hayter of Kentish Town","531/2012",0.273041724062928
"74","Baroness Hayter of Kentish Town","bilateral",0.273041724062928
"75","Baroness Hayter of Kentish Town","convert",0.273041724062928
"76","Baroness Hayter of Kentish Town","roaming",0.273041724062928
"77","Baroness Hayter of Kentish Town","2012",0.240903496280225
"78","Baroness Hayter of Kentish Town","regarding",0.240903496280225
"79","Baroness Hayter of Kentish Town","customers",0.240903496280225
"80","Baroness Hayter of Kentish Town","networks",0.222103838187708
"81","Baroness Hayter of Kentish Town","plan",0.222103838187708
"82","Baroness Hayter of Kentish Town","law",0.222103838187708
"83","Baroness Hayter of Kentish Town","mobile",0.222103838187708
"84","Baroness Hayter of Kentish Town","high",0.222103838187708
"85","Benn, Hilary","cinematographic",0.441895306185438
"86","Benn, Hilary","co",0.441895306185438
"87","Benn, Hilary","sign",0.389882259259972
"88","Benn, Hilary","convention",0.389882259259972
"89","Benn, Hilary","production",0.359456577260325
"90","Benn, Hilary","european",0.28585616540904
"91","Benn, Hilary","leaves",0.217098657377572
"92","Benn, Hilary","eu",0.17299175448428
"93","Benn, Hilary","uk",0.130998765037791
"94","Benn, Hilary","culture",0.00904646967570837
"95","Benn, Hilary","media",0.00881233855016247
"96","Benn, Hilary","sport",0.00881233855016247
"97","Betts, Clive","entry",1.03289511749032
"98","Betts, Clive","elite",0.617560126090264
"99","Betts, Clive","left",0.59124955218456
"100","Betts, Clive","eu",0.497090190795123
"101","Betts, Clive","transitional",0.430186064024872
"102","Betts, Clive","noneu",0.419966130330489
"103","Betts, Clive","players",0.419966130330489
"104","Betts, Clive","transfer",0.419966130330489
"105","Betts, Clive","carry",0.419629840736666
"106","Betts, Clive","prior",0.419629840736666
"107","Betts, Clive","leaving",0.412484938189879
"108","Betts, Clive","will",0.398004099944308
"109","Brabin, Tracy","outcome",0.474806274474916
"110","Brabin, Tracy","channel",0.451275349177231
"111","Brabin, Tracy","regional",0.401712544317819
"112","Brabin, Tracy","increasing",0.358955453138085
"113","Brabin, Tracy","impact",0.342699961503936
"114","Brabin, Tracy","consultation",0.299942870324202
"115","Brabin, Tracy","publish",0.269606231346838
"116","Brabin, Tracy","culture",0.0127129682346459
"117","Brabin, Tracy","media",0.0123839446852938
"118","Brabin, Tracy","sport",0.0123839446852938
"119","Brabin, Tracy","digital",0.0110780213449396
"120","Brabin, Tracy","architectur",0
"121","Brake, Tom","tech",0.470736421701566
"122","Brake, Tom","undertaken",0.434001032152093
"123","Brake, Tom","single",0.434001032152093
"124","Brake, Tom","market",0.371201468925074
"125","Brake, Tom","require",0.350962848481966
"126","Brake, Tom","incorporated",0.309652957085366
"127","Brake, Tom","legislation",0.309652957085366
"128","Brake, Tom","amended",0.309652957085366
"129","Brake, Tom","impact",0.294435758773127
"130","Brake, Tom","sector",0.288184961948623
"131","Brake, Tom","law",0.285488219709492
"132","Brake, Tom","powers",0.285488219709492
"133","Brennan, Kevin","representatives",2.20841394182976
"134","Brennan, Kevin","s4c",2.18797947015651
"135","Brennan, Kevin","industries",1.85687251305981
"136","Brennan, Kevin","review",1.71191881217901
"137","Brennan, Kevin","performance",1.63332728303717
"138","Brennan, Kevin","art",1.5741513901877
"139","Brennan, Kevin","independent",1.55186660529893
"140","Brennan, Kevin","museums",1.34868252739339
"141","Brennan, Kevin","creative",1.27951290793318
"142","Brennan, Kevin","leaves",1.13122026821201
"143","Brennan, Kevin","publish",1.06783295032675
"144","Brennan, Kevin","principle",1.00533602699411
"145","Brock, Deidre","month",0.625883912327965
"146","Brock, Deidre","advertising",0.485072705996782
"147","Brock, Deidre","january",0.485072705996782
"148","Brock, Deidre","spent",0.441391105659801
"149","Brock, Deidre","calling",0.421371598978493
"150","Brock, Deidre","notice",0.421371598978493
"151","Brock, Deidre","departmental",0.371774283858948
"152","Brock, Deidre","attended",0.371774283858948
"153","Brock, Deidre","2016",0.350109942956302
"154","Brock, Deidre","engagements",0.342761714377564
"155","Brock, Deidre","issued",0.282134332256797
"156","Brock, Deidre","social",0.264470492370754
"157","Bryant, Chris","editor",0.512669436262063
"158","Bryant, Chris","newspaper",0.512669436262063
"159","Bryant, Chris","proprietor",0.512669436262063
"160","Bryant, Chris","met",0.391982481355324
"161","Bryant, Chris","national",0.239701977357816
"162","Bryant, Chris","culture",0.0104953558996642
"163","Bryant, Chris","media",0.0102237262388263
"164","Bryant, Chris","sport",0.0102237262388263
"165","Bryant, Chris","digital",0.00914560427850047
"166","Bryant, Chris","architectur",0
"167","Bryant, Chris","build",0
"168","Bryant, Chris","fund",0
"169","Butler, Dawn","broadway",0.411906438810897
"170","Butler, Dawn","cricklewood",0.411906438810897
"171","Butler, Dawn","black",0.37427111383516
"172","Butler, Dawn","ethnic",0.37427111383516
"173","Butler, Dawn","individuals",0.37427111383516
"174","Butler, Dawn","minority",0.37427111383516
"175","Butler, Dawn","exchange",0.363423215226299
"176","Butler, Dawn","operating",0.33506234751523
"177","Butler, Dawn","profession",0.330217735728932
"178","Butler, Dawn","coaching",0.330217735728932
"179","Butler, Dawn","limited",0.314939991641702
"180","Butler, Dawn","internet",0.314939991641702
"181","Campbell, Gregory","expedite",0.421846788008961
"182","Campbell, Gregory","recess",0.415680055720671
"183","Campbell, Gregory","summer",0.415680055720671
"184","Campbell, Gregory","awarded",0.383241161955773
"185","Campbell, Gregory","presenters",0.383241161955773
"186","Campbell, Gregory","northern",0.372193541022763
"187","Campbell, Gregory","roll",0.343148253496792
"188","Campbell, Gregory","ireland",0.343148253496792
"189","Campbell, Gregory","high",0.343148253496792
"190","Campbell, Gregory","levels",0.342372989059099
"191","Campbell, Gregory","pay",0.315453811748085
"192","Campbell, Gregory","speed",0.306555518829327
"193","Carmichael, Alistair","scottish",0.654313146379396
"194","Carmichael, Alistair","roll",0.532246350576244
"195","Carmichael, Alistair","superfast",0.455230777180904
"196","Carmichael, Alistair","broadband",0.28407195054222
"197","Carmichael, Alistair","culture",0.0133950823968575
"198","Carmichael, Alistair","media",0.0130484050928062
"199","Carmichael, Alistair","sport",0.0130484050928062
"200","Carmichael, Alistair","digital",0.0116724124508714
"201","Carmichael, Alistair","architectur",0
"202","Carmichael, Alistair","build",0
"203","Carmichael, Alistair","fund",0
"204","Carmichael, Alistair","futur",0
"205","Cartlidge, James","5g",0.614641426832022
"206","Cartlidge, James","rural",0.466442828526596
"207","Cartlidge, James","provision",0.424249111062331
"208","Cartlidge, James","areas",0.393212101494419
"209","Cartlidge, James","services",0.263249127367497
"210","Cartlidge, James","culture",0.0142615748657658
"211","Cartlidge, James","media",0.0138924719233943
"212","Cartlidge, James","sport",0.0138924719233943
"213","Cartlidge, James","digital",0.0124274699550375
"214","Cartlidge, James","architectur",0
"215","Cartlidge, James","build",0
"216","Cartlidge, James","fund",0
"217","Cowan, Ronnie","bduk",0.378200132519418
"218","Cowan, Ronnie","inverclyde",0.378200132519418
"219","Cowan, Ronnie","premises",0.333684291403661
"220","Cowan, Ronnie","able",0.307644193662881
"221","Cowan, Ronnie","amount",0.289168450287903
"222","Cowan, Ronnie","projects",0.274837550365199
"223","Cowan, Ronnie","superfast",0.263128352547124
"224","Cowan, Ronnie","supported",0.230321709249441
"225","Cowan, Ronnie","constituency",0.218612511431367
"226","Cowan, Ronnie","receive",0.213471945968211
"227","Cowan, Ronnie","2017",0.166532315949808
"228","Cowan, Ronnie","broadband",0.164196684622047
"229","Coyle, Neil","conservation",0.574396129073729
"230","Coyle, Neil","create",0.506787144780104
"231","Coyle, Neil","london",0.399629439962863
"232","Coyle, Neil","across",0.384593714241706
"233","Coyle, Neil","areas",0.324213158290422
"234","Coyle, Neil","culture",0.0117590232138134
"235","Coyle, Neil","media",0.0114546886569019
"236","Coyle, Neil","sport",0.0114546886569019
"237","Coyle, Neil","digital",0.0102467580940899
"238","Coyle, Neil","architectur",0
"239","Coyle, Neil","build",0
"240","Coyle, Neil","fund",0
"241","Cunningham, Jim","will",0.958797864993162
"242","Cunningham, Jim","adequacy",0.767756027901794
"243","Cunningham, Jim","agreement",0.656662413727515
"244","Cunningham, Jim","leveson",0.558470753517034
"245","Cunningham, Jim","estimate",0.533479546618621
"246","Cunningham, Jim","alternative",0.504389374969852
"247","Cunningham, Jim","absence",0.500732602610052
"248","Cunningham, Jim","inquiry",0.498916400858267
"249","Cunningham, Jim","connectivity",0.488126132871973
"250","Cunningham, Jim","threats",0.487029510386835
"251","Cunningham, Jim","data",0.463696628175218
"252","Cunningham, Jim","leaves",0.463696628175218
"253","Davies, Mims","adults",0.376409126449412
"254","Davies, Mims","mental",0.332104094730041
"255","Davies, Mims","safety",0.332104094730041
"256","Davies, Mims","internet",0.287799063010671
"257","Davies, Mims","effects",0.287799063010671
"258","Davies, Mims","strategy",0.273536028555329
"259","Davies, Mims","health",0.261882280861577
"260","Davies, Mims","issues",0.252029177580118
"261","Davies, Mims","related",0.252029177580118
"262","Davies, Mims","progress",0.2434940312913
"263","Davies, Mims","young",0.235965498712484
"264","Davies, Mims","implementing",0.229230996835958
"265","Davies, Philip","euromillions",1.06901510836355
"266","Davies, Philip","camelot",1.04214891674282
"267","Davies, Philip","nonuk",1.00481481070494
"268","Davies, Philip","switch",0.984196227491671
"269","Davies, Philip","process",0.879243248578552
"270","Davies, Philip","causes",0.873251606231997
"271","Davies, Philip","good",0.873251606231997
"272","Davies, Philip","strategic",0.776892238707077
"273","Davies, Philip","provided",0.755277624630864
"274","Davies, Philip","prohibiting",0.735347081730275
"275","Davies, Philip","one",0.722377854976819
"276","Davies, Philip","outcome",0.63724658764486
"277","Dodds, Anneliese","closure",0.359748207496286
"278","Dodds, Anneliese","equity",0.359748207496286
"279","Dodds, Anneliese","purchase",0.359748207496286
"280","Dodds, Anneliese","stadia",0.317404240190138
"281","Dodds, Anneliese","extent",0.317404240190138
"282","Dodds, Anneliese","followed",0.317404240190138
"283","Dodds, Anneliese","private",0.27506027288399
"284","Dodds, Anneliese","10",0.261428560159149
"285","Dodds, Anneliese","holds",0.240873662459925
"286","Dodds, Anneliese","information",0.194314959847141
"287","Dodds, Anneliese","companies",0.190372338271693
"288","Dodds, Anneliese","years",0.148028370965545
"289","Donelan, Michelle","hosting",0.42966671873062
"290","Donelan, Michelle","assist",0.42966671873062
"291","Donelan, Michelle","grand",0.42966671873062
"292","Donelan, Michelle","prix",0.42966671873062
"293","Donelan, Michelle","fees",0.372346143934358
"294","Donelan, Michelle","british",0.315025569138096
"295","Donelan, Michelle","will",0.152642685191584
"296","Donelan, Michelle","culture",0.00996959171477934
"297","Donelan, Michelle","media",0.0097115693244891
"298","Donelan, Michelle","sport",0.0097115693244891
"299","Donelan, Michelle","digital",0.00868745581505301
"300","Donelan, Michelle","architectur",0
"301","Double, Steve","bookings",0.668032640913152
"302","Double, Steve","vat",0.668032640913152
"303","Double, Steve","agents",0.615900623579541
"304","Double, Steve","charge",0.578912368640414
"305","Double, Steve","inclusive",0.578912368640414
"306","Double, Steve","bill",0.550222049171809
"307","Double, Steve","travel",0.550222049171809
"308","Double, Steve","commission",0.474648333973193
"309","Double, Steve","full",0.448847425424017
"310","Double, Steve","online",0.378576456592944
"311","Double, Steve","deprived",0.328402616153143
"312","Double, Steve","hospitality",0.328402616153143
"313","Dowd, Peter","contributors",0.539878197336478
"314","Dowd, Peter","youtube",0.539878197336478
"315","Dowd, Peter","16",0.402069334394785
"316","Dowd, Peter","exemptions",0.402069334394785
"317","Dowd, Peter","holds",0.361481825245903
"318","Dowd, Peter","15",0.354743981840823
"319","Dowd, Peter","2014",0.327060425263347
"320","Dowd, Peter","paid",0.320044913909675
"321","Dowd, Peter","17",0.307418629286861
"322","Dowd, Peter","2015",0.292183268699291
"323","Dowd, Peter","small",0.292183268699291
"324","Dowd, Peter","information",0.291610654484963
"325","Elliott, Julie","top",0.924420467589822
"326","Elliott, Julie","women",0.76139471759698
"327","Elliott, Julie","bodies",0.701529833211708
"328","Elliott, Julie","jobs",0.701529833211708
"329","Elliott, Julie","governing",0.605631985815897
"330","Elliott, Julie","representation",0.427387804431817
"331","Elliott, Julie","employed",0.337893872644997
"332","Elliott, Julie","uk",0.310601307840418
"333","Elliott, Julie","increase",0.303702534312613
"334","Elliott, Julie","estimate",0.288256413163546
"335","Elliott, Julie","number",0.261169312365516
"336","Elliott, Julie","made",0.133656471341953
"337","Elmore, Chris","introduce",0.511711796423509
"338","Elmore, Chris","children",0.494382314646343
"339","Elmore, Chris","regulation",0.453053919713722
"340","Elmore, Chris","access",0.431373918786061
"341","Elmore, Chris","social",0.318591634128772
"342","Elmore, Chris","culture",0.0156456818458155
"343","Elmore, Chris","media",0.0152407569157812
"344","Elmore, Chris","sport",0.0152407569157812
"345","Elmore, Chris","digital",0.0136335743348852
"346","Elmore, Chris","architectur",0
"347","Elmore, Chris","build",0
"348","Elmore, Chris","fund",0
"349","Esterson, Bill","bsl",0.371656487515768
"350","Esterson, Bill","principal",0.371656487515768
"351","Esterson, Bill","whose",0.371656487515768
"352","Esterson, Bill","correspondence",0.327910862579894
"353","Esterson, Bill","sign",0.327910862579894
"354","Esterson, Bill","takes",0.327910862579894
"355","Esterson, Bill","language",0.302321312421795
"356","Esterson, Bill","british",0.240419612708145
"357","Esterson, Bill","information",0.200747116854783
"358","Esterson, Bill","provide",0.166032814572281
"359","Esterson, Bill","people",0.161355742161807
"360","Esterson, Bill","services",0.140443264414183
"361","Evans, Nigel","palace",0.416467560217029
"362","Evans, Nigel","taiwan",0.416467560217029
"363","Evans, Nigel","taiwanese",0.416467560217029
"364","Evans, Nigel","display",0.367447472315456
"365","Evans, Nigel","museum",0.318427384413883
"366","Evans, Nigel","british",0.26940729651231
"367","Evans, Nigel","art",0.261077558004933
"368","Evans, Nigel","works",0.253626353002946
"369","Evans, Nigel","national",0.194722155502903
"370","Evans, Nigel","culture",0.00852591349508151
"371","Evans, Nigel","media",0.00830525485204525
"372","Evans, Nigel","sport",0.00830525485204525
"373","Fitzpatrick, Jim","bookmakers",0.279357846693353
"374","Fitzpatrick, Jim","generated",0.279357846693353
"375","Fitzpatrick, Jim","greyhound",0.279357846693353
"376","Fitzpatrick, Jim","levy",0.279357846693353
"377","Fitzpatrick, Jim","offshore",0.279357846693353
"378","Fitzpatrick, Jim","revenue",0.279357846693353
"379","Fitzpatrick, Jim","voluntary",0.279357846693353
"380","Fitzpatrick, Jim","welfare",0.279357846693353
"381","Fitzpatrick, Jim","join",0.24647618312809
"382","Fitzpatrick, Jim","contributions",0.227241642981082
"383","Fitzpatrick, Jim","secure",0.227241642981082
"384","Fitzpatrick, Jim","scheme",0.194359979415819
"385","Fletcher, Colleen","city",0.309410828869919
"386","Fletcher, Colleen","coventry",0.309410828869919
"387","Fletcher, Colleen","english",0.309410828869919
"388","Fletcher, Colleen","search",0.309410828869919
"389","Fletcher, Colleen","solution",0.309410828869919
"390","Fletcher, Colleen","stadium",0.309410828869919
"391","Fletcher, Colleen","association",0.27299179536585
"392","Fletcher, Colleen","league",0.27299179536585
"393","Fletcher, Colleen","clubs",0.251688026453462
"394","Fletcher, Colleen","football",0.23657276186178
"395","Fletcher, Colleen","long",0.23657276186178
"396","Fletcher, Colleen","within",0.224848451788176
"397","Ford, Vicky","counterparts",0.424658749035829
"398","Ford, Vicky","licensed",0.374674521704748
"399","Ford, Vicky","based",0.345435623088545
"400","Ford, Vicky","ofcom",0.345435623088545
"401","Ford, Vicky","long",0.324690294373668
"402","Ford, Vicky","term",0.308598967294557
"403","Ford, Vicky","broadcast",0.308598967294557
"404","Ford, Vicky","access",0.239695128939306
"405","Ford, Vicky","leaves",0.208630512632396
"406","Ford, Vicky","eu",0.166244042479101
"407","Ford, Vicky","uk",0.125889030518107
"408","Ford, Vicky","culture",0.00869360330807576
"409","Foxcroft, Vicky","optic",0.934909768893876
"410","Foxcroft, Vicky","fibre",0.645310616990212
"411","Foxcroft, Vicky","competition",0.511181589414572
"412","Foxcroft, Vicky","rolled",0.471289934654176
"413","Foxcroft, Vicky","broadband",0.460042886128667
"414","Foxcroft, Vicky","exchange",0.423728179479304
"415","Foxcroft, Vicky","telephone",0.423728179479304
"416","Foxcroft, Vicky","lines",0.367199847760052
"417","Foxcroft, Vicky","progress",0.310671516040799
"418","Foxcroft, Vicky","provision",0.292473457903259
"419","Foxcroft, Vicky","providers",0.258829236031651
"420","Foxcroft, Vicky","made",0.122888462745502
"421","Gethins, Stephen","creative",0.502362919767865
"422","Gethins, Stephen","ending",0.487298891482121
"423","Gethins, Stephen","freedom",0.487298891482121
"424","Gethins, Stephen","industries",0.442523803303548
"425","Gethins, Stephen","economic",0.396389799083785
"426","Gethins, Stephen","short",0.381790080530794
"427","Gethins, Stephen","wishing",0.381790080530794
"428","Gethins, Stephen","movement",0.372584388953547
"429","Gethins, Stephen","residents",0.310564411204568
"430","Gethins, Stephen","home",0.310564411204568
"431","Gethins, Stephen","visas",0.310564411204568
"432","Gethins, Stephen","term",0.277446360972462
"433","Gibson, Patricia","prizes",0.63683222594138
"434","Gibson, Patricia","stakes",0.524189917627923
"435","Gibson, Patricia","published",0.516711269544875
"436","Gibson, Patricia","review",0.378137118579717
"437","Gibson, Patricia","2003",0.365572947146304
"438","Gibson, Patricia","director",0.365572947146304
"439","Gibson, Patricia","liability",0.365572947146304
"440","Gibson, Patricia","31",0.331294641184852
"441","Gibson, Patricia","electronic",0.322543382024329
"442","Gibson, Patricia","amending",0.322543382024329
"443","Gibson, Patricia","breaches",0.322543382024329
"444","Gibson, Patricia","findings",0.3113985570132
"445","Godsiff, Roger","half",0.393573186685616
"446","Godsiff, Roger","completed",0.347247868581663
"447","Godsiff, Roger","postpone",0.347247868581663
"448","Godsiff, Roger","takeover",0.347247868581663
"449","Godsiff, Roger","second",0.320149294656872
"450","Godsiff, Roger","leveson",0.320149294656872
"451","Godsiff, Roger","fox",0.30092255047771
"452","Godsiff, Roger","sky",0.30092255047771
"453","Godsiff, Roger","inquiry",0.286009129075454
"454","Godsiff, Roger","will",0.123362701314064
"455","Godsiff, Roger","culture",0.00805722045173574
"456","Godsiff, Roger","media",0.00784869202454144
"457","Graham, Luke","speeds",0.596332174000208
"458","Graham, Luke","rural",0.549445380820961
"459","Graham, Luke","areas",0.463183394911373
"460","Graham, Luke","broadband",0.356267787186225
"461","Graham, Luke","culture",0.0167993930959978
"462","Graham, Luke","media",0.0163646090360218
"463","Graham, Luke","sport",0.0163646090360218
"464","Graham, Luke","digital",0.0146389129481435
"465","Graham, Luke","architectur",0
"466","Graham, Luke","build",0
"467","Graham, Luke","fund",0
"468","Graham, Luke","futur",0
"469","Green, Kate","record",0.513718200590974
"470","Green, Kate","engaged",0.417880397180036
"471","Green, Kate","action",0.37331835631018
"472","Green, Kate","young",0.322042593769098
"473","Green, Kate","time",0.322042593769098
"474","Green, Kate","full",0.304537019818753
"475","Green, Kate","2011",0.276052040574652
"476","Green, Kate","879",0.276052040574652
"477","Green, Kate","census",0.276052040574652
"478","Green, Kate","disparities",0.276052040574652
"479","Green, Kate","gypsies",0.276052040574652
"480","Green, Kate","oral",0.276052040574652
"481","Greenwood, Margaret","attractions",0.436926950018472
"482","Greenwood, Margaret","popular",0.436926950018472
"483","Greenwood, Margaret","visitor",0.436926950018472
"484","Greenwood, Margaret","security",0.355415103460107
"485","Greenwood, Margaret","adequacy",0.355415103460107
"486","Greenwood, Margaret","arrangements",0.355415103460107
"487","Greenwood, Margaret","will",0.136951628450871
"488","Greenwood, Margaret","uk",0.129525908202631
"489","Greenwood, Margaret","made",0.111801256136748
"490","Greenwood, Margaret","culture",0.00894475761230004
"491","Greenwood, Margaret","media",0.00871325889041447
"492","Greenwood, Margaret","sport",0.00871325889041447
"493","Grogan, John","list",0.560365590522127
"494","Grogan, John","fi",0.500166006493605
"495","Grogan, John","keighley",0.500166006493605
"496","Grogan, John","wi",0.500166006493605
"497","Grogan, John","events",0.469602353980127
"498","Grogan, John","150",0.446657243514624
"499","Grogan, John","female",0.446657243514624
"500","Grogan, John","male",0.446657243514624
"501","Grogan, John","coverage",0.406856461789866
"502","Grogan, John","leaving",0.378839117438126
"503","Grogan, John","review",0.372450354220686
"504","Grogan, John","000",0.36788720902636
"505","Harman, Harriet","annum",0.364028712047908
"506","Harman, Harriet","bands",0.364028712047908
"507","Harman, Harriet","earn",0.364028712047908
"508","Harman, Harriet","men",0.32118091027918
"509","Harman, Harriet","25",0.32118091027918
"510","Harman, Harriet","women",0.264539197316935
"511","Harman, Harriet","100",0.264539197316935
"512","Harman, Harriet","000",0.264539197316935
"513","Harman, Harriet","per",0.243739724853122
"514","Harman, Harriet","employed",0.235485306741726
"515","Harman, Harriet","number",0.182014356023954
"516","Harman, Harriet","publish",0.158044121315668
"517","Harrison, Trudy","can",0.514983452883301
"518","Harrison, Trudy","west",0.454367605360773
"519","Harrison, Trudy","north",0.393751757838244
"520","Harrison, Trudy","small",0.374237813525334
"521","Harrison, Trudy","businesses",0.313621966002805
"522","Harrison, Trudy","access",0.290678163162152
"523","Harrison, Trudy","broadband",0.22358155994118
"524","Harrison, Trudy","culture",0.0105427283901616
"525","Harrison, Trudy","media",0.0102698726848093
"526","Harrison, Trudy","sport",0.0102698726848093
"527","Harrison, Trudy","digital",0.00918688444621638
"528","Harrison, Trudy","architectur",0
"529","Hodgson, Sharon","contained",0.319982233637327
"530","Hodgson, Sharon","offence",0.319982233637327
"531","Hodgson, Sharon","sales",0.282318898678731
"532","Hodgson, Sharon","106",0.282318898678731
"533","Hodgson, Sharon","create",0.282318898678731
"534","Hodgson, Sharon","breaching",0.282318898678731
"535","Hodgson, Sharon","ticket",0.260287260075852
"536","Hodgson, Sharon","section",0.260287260075852
"537","Hodgson, Sharon","power",0.260287260075852
"538","Hodgson, Sharon","limits",0.244655563720134
"539","Hodgson, Sharon","internet",0.244655563720134
"540","Hodgson, Sharon","act",0.222623925117255
"541","Jack, Alister","dumfries",1.64265933299294
"542","Jack, Alister","galloway",1.64265933299294
"543","Jack, Alister","constituency",1.24185706239469
"544","Jack, Alister","properties",1.05885200865176
"545","Jack, Alister","broadband",0.932740816546086
"546","Jack, Alister","access",0.92701464431075
"547","Jack, Alister","service",0.81185313502335
"548","Jack, Alister","superfast",0.706767416912374
"549","Jack, Alister","10mbps",0.506058879496973
"550","Jack, Alister","residential",0.492494994248735
"551","Jack, Alister","place",0.392746619515802
"552","Jack, Alister","less",0.386928108575052
"553","Jardine, Christine","deregulation",0.507553053988156
"554","Jardine, Christine","radio",0.477071672678722
"555","Jardine, Christine","commercial",0.45342847650601
"556","Jardine, Christine","response",0.379986001157644
"557","Jardine, Christine","consultation",0.301373959330826
"558","Jardine, Christine","publish",0.270892578021392
"559","Jardine, Christine","culture",0.0127736244158129
"560","Jardine, Christine","media",0.012443031027565
"561","Jardine, Christine","sport",0.012443031027565
"562","Jardine, Christine","digital",0.0111308768588738
"563","Jardine, Christine","architectur",0
"564","Jardine, Christine","build",0
"565","Jones, Darren","key",0.30899619486705
"566","Jones, Darren","respect",0.30899619486705
"567","Jones, Darren","rules",0.30899619486705
"568","Jones, Darren","wto",0.30899619486705
"569","Jones, Darren","preparations",0.272625965633011
"570","Jones, Darren","general",0.272625965633011
"571","Jones, Darren","comply",0.272625965633011
"572","Jones, Darren","differences",0.272625965633011
"573","Jones, Darren","operating",0.251350745388466
"574","Jones, Darren","exist",0.224547137791041
"575","Jones, Darren","protection",0.183175873877729
"576","Jones, Darren","regulation",0.183175873877729
"577","Jones, Kevan","paper",0.325265870107667
"578","Jones, Kevan","ratify",0.325265870107667
"579","Jones, Kevan","underwater",0.325265870107667
"580","Jones, Kevan","unesco",0.325265870107667
"581","Jones, Kevan","white",0.325265870107667
"582","Jones, Kevan","convention",0.286980627589017
"583","Jones, Kevan","heritage",0.264585196384592
"584","Jones, Kevan","section",0.264585196384592
"585","Jones, Kevan","march",0.226299953865942
"586","Jones, Kevan","decision",0.198085047365387
"587","Jones, Kevan","protection",0.192820691611452
"588","Jones, Kevan","reference",0.192820691611452
"589","Keeley, Barbara","music",0.461324898060382
"590","Keeley, Barbara","professional",0.461324898060382
"591","Keeley, Barbara","education",0.335244210679595
"592","Keeley, Barbara","musicians",0.335244210679595
"593","Keeley, Barbara","future",0.298424908618328
"594","Keeley, Barbara","promote",0.28919798163803
"595","Keeley, Barbara","support",0.28094421419891
"596","Keeley, Barbara","development",0.28094421419891
"597","Keeley, Barbara","uk",0.136758619250269
"598","Keeley, Barbara","culture",0.00944423179548593
"599","Keeley, Barbara","media",0.00919980621297047
"600","Keeley, Barbara","sport",0.00919980621297047
"601","Kerr, Stephen","laid",0.644503018976737
"602","Kerr, Stephen","openreach",0.644503018976737
"603","Kerr, Stephen","bt",0.558521764448075
"604","Kerr, Stephen","grow",0.468184506015474
"605","Kerr, Stephen","sponsored",0.468184506015474
"606","Kerr, Stephen","fibre",0.444860728452975
"607","Kerr, Stephen","unlit",0.435324026616014
"608","Kerr, Stephen","skills",0.413077103107375
"609","Kerr, Stephen","domestic",0.403261117113146
"610","Kerr, Stephen","uk",0.387388614246963
"611","Kerr, Stephen","ducting",0.384084448581982
"612","Kerr, Stephen","initiatives",0.380841338894005
"613","Knight, Sir Greg","ethics",0.671082966146513
"614","Knight, Sir Greg","set",0.513104054307102
"615","Knight, Sir Greg","commission",0.420692314976313
"616","Knight, Sir Greg","data",0.329696217407271
"617","Knight, Sir Greg","culture",0.0137383937284485
"618","Knight, Sir Greg","media",0.0133828312049293
"619","Knight, Sir Greg","sport",0.0133828312049293
"620","Knight, Sir Greg","digital",0.0119715723472172
"621","Knight, Sir Greg","architectur",0
"622","Knight, Sir Greg","build",0
"623","Knight, Sir Greg","fund",0
"624","Knight, Sir Greg","futur",0
"625","Kyle, Peter","september",0.522045777313104
"626","Kyle, Peter","crown",0.520449748869731
"627","Kyle, Peter","guarantee",0.520449748869731
"628","Kyle, Peter","payments",0.520449748869731
"629","Kyle, Peter","pension",0.520449748869731
"630","Kyle, Peter","bt",0.451018076698523
"631","Kyle, Peter","45539",0.331560047919004
"632","Kyle, Peter","ham",0.331560047919004
"633","Kyle, Peter","clarify",0.329751098009347
"634","Kyle, Peter","covers",0.329751098009347
"635","Kyle, Peter","answer",0.326528684570191
"636","Kyle, Peter","triennial",0.292533952620802
"637","Lake, Ben","test",2.29588812603695
"638","Lake, Ben","fibre",2.00963853691755
"639","Lake, Ben","full",1.95622990090053
"640","Lake, Ben","broadband",1.43267426299444
"641","Lake, Ben","wales",1.37816094856399
"642","Lake, Ben","videogames",1.07825076573562
"643","Lake, Ben","age",1.01789760297345
"644","Lake, Ben","devolution",1.009648205098
"645","Lake, Ben","welsh",0.957707387229278
"646","Lake, Ben","six",0.949774936827433
"647","Lake, Ben","remit",0.930857148336062
"648","Lake, Ben","broadcasting",0.831592156323818
"649","Lammy, David","odds",1.10777797752712
"650","Lammy, David","terminals",1.10777797752712
"651","Lammy, David","fixed",1.07352686036553
"652","Lammy, David","betting",0.906211893249504
"653","Lammy, David","receipt",0.727821586761677
"654","Lammy, David","benefits",0.630725046853817
"655","Lammy, David","estimate",0.455237137536586
"656","Lammy, David","total",0.421207636767996
"657","Lammy, David","campaigners",0.398885299828106
"658","Lammy, David","research",0.384203259492583
"659","Lammy, David","people",0.358140597628727
"660","Lammy, David","gamblers",0.356191966030322
"661","Lamont, John","berwickshire",0.938026031783448
"662","Lamont, John","roxburgh",0.938026031783448
"663","Lamont, John","selkirk",0.938026031783448
"664","Lamont, John","broadband",0.66768632955668
"665","Lamont, John","superfast",0.667405395999626
"666","Lamont, John","access",0.600094902673788
"667","Lamont, John","rollout",0.474740621197226
"668","Lamont, John","services",0.401753808863381
"669","Lamont, John","contributed",0.386174363912306
"670","Lamont, John","given",0.386174363912306
"671","Lamont, John","scotland",0.362982447430184
"672","Lamont, John","properties",0.337110118970841
"673","Lord Beith","architectural",0.314232792631433
"674","Lord Beith","historic",0.314232792631433
"675","Lord Beith","religious",0.314232792631433
"676","Lord Beith","significance",0.314232792631433
"677","Lord Beith","worship",0.314232792631433
"678","Lord Beith","buildings",0.277246192502668
"679","Lord Beith","heritage",0.255610418398172
"680","Lord Beith","need",0.255610418398172
"681","Lord Beith","grants",0.228352566658089
"682","Lord Beith","scheme",0.218623818269407
"683","Lord Beith","future",0.203272992245138
"684","Lord Beith","places",0.196988044164911
"685","Lord Bird","users",0.427437134265037
"686","Lord Bird","promote",0.368728087074215
"687","Lord Bird","content",0.358204514738945
"688","Lord Bird","new",0.358204514738945
"689","Lord Bird","libraries",0.348684785595669
"690","Lord Bird","including",0.339993953797582
"691","Lord Bird","use",0.317706028489486
"692","Lord Bird","online",0.294095149312659
"693","Lord Bird","digital",0.0104928348194535
"694","Lord Bird","architectur",0
"695","Lord Bird","build",0
"696","Lord Bird","fund",0
"697","Lord Birt","france",0.296302453950074
"698","Lord Birt","germany",0.296302453950074
"699","Lord Birt","japan",0.296302453950074
"700","Lord Birt","korea",0.296302453950074
"701","Lord Birt","penetration",0.296302453950074
"702","Lord Birt","percentage",0.296302453950074
"703","Lord Birt","south",0.296302453950074
"704","Lord Birt","ultrafast",0.296302453950074
"705","Lord Birt","us",0.261426334593946
"706","Lord Birt","premises",0.261426334593946
"707","Lord Birt","compares",0.261426334593946
"708","Lord Birt","reached",0.261426334593946
"709","Lord Chadlington","iplayer",0.412899542592076
"710","Lord Chadlington","able",0.380677634869084
"711","Lord Chadlington","licence",0.380677634869084
"712","Lord Chadlington","payers",0.380677634869084
"713","Lord Chadlington","outside",0.357815827510737
"714","Lord Chadlington","intend",0.302732112429398
"715","Lord Chadlington","bbc",0.293372012064753
"716","Lord Chadlington","access",0.264149290563661
"717","Lord Chadlington","uk",0.138732473405938
"718","Lord Chadlington","architectur",0
"719","Lord Chadlington","build",0
"720","Lord Chadlington","fund",0
"721","Lord Greaves","brought",0.365193730753445
"722","Lord Greaves","still",0.365193730753445
"723","Lord Greaves","close",0.297064229142264
"724","Lord Greaves","operated",0.297064229142264
"725","Lord Greaves","community",0.297064229142264
"726","Lord Greaves","agency",0.297064229142264
"727","Lord Greaves","programme",0.254079299479775
"728","Lord Greaves","accountable",0.254079299479775
"729","Lord Greaves","cost",0.254079299479775
"730","Lord Greaves","authority",0.236238941765979
"731","Lord Greaves","organisers",0.236238941765979
"732","Lord Greaves","place",0.228934727531083
"733","Lord Harrison","apply",0.422027346391509
"734","Lord Harrison","bridge",0.422027346391509
"735","Lord Harrison","chess",0.422027346391509
"736","Lord Harrison","recognise",0.343295127422081
"737","Lord Harrison","purpose",0.306686730373931
"738","Lord Harrison","intend",0.273003847853963
"739","Lord Harrison","organisations",0.273003847853963
"740","Lord Harrison","national",0.197321670210521
"741","Lord Harrison","provided",0.188535355904101
"742","Lord Harrison","funds",0.173654848828932
"743","Lord Harrison","sports",0.00841612889245761
"744","Lord Harrison","architectur",0
"745","Lord Laird","court",0.417204089762463
"746","Lord Laird","judgment",0.417204089762463
"747","Lord Laird","schrems",0.417204089762463
"748","Lord Laird","commissioner",0.368097309050913
"749","Lord Laird","copy",0.324082786992402
"750","Lord Laird","house",0.324082786992402
"751","Lord Laird","opinion",0.324082786992402
"752","Lord Laird","shield",0.324082786992402
"753","Lord Laird","findings",0.318990528339364
"754","Lord Laird","framework",0.285936798629045
"755","Lord Laird","us",0.285936798629045
"756","Lord Laird","european",0.269883747627815
"757","Lord Lester of Herne Hill","membership",0.410025954300257
"758","Lord Lester of Herne Hill","security",0.378028296030756
"759","Lord Lester of Herne Hill","network",0.378028296030756
"760","Lord Lester of Herne Hill","agency",0.378028296030756
"761","Lord Lester of Herne Hill","benefits",0.35532559619174
"762","Lord Lester of Herne Hill","costs",0.323327937922239
"763","Lord Lester of Herne Hill","european",0.300625238083223
"764","Lord Lester of Herne Hill","information",0.25101799773819
"765","Lord Lester of Herne Hill","uk",0.137766960078479
"766","Lord Lester of Herne Hill","architectur",0
"767","Lord Lester of Herne Hill","build",0
"768","Lord Lester of Herne Hill","fund",0
"769","Lord Mawson","library",1.65710334039854
"770","Lord Mawson","services",1.05631549239
"771","Lord Mawson","evidence",0.838198198933008
"772","Lord Mawson","age",0.725158012154497
"773","Lord Mawson","appropriateness",0.611731514819527
"774","Lord Mawson","direct",0.574159110772929
"775","Lord Mawson","partnerships",0.521670449316788
"776","Lord Mawson","examples",0.439167835063416
"777","Lord Mawson","investment",0.438996938406318
"778","Lord Mawson","17",0.438996938406318
"779","Lord Mawson","research",0.438859149126092
"780","Lord Mawson","provision",0.422240578069471
"781","Lord Mendelsohn","centre",0.30161763323302
"782","Lord Mendelsohn","dcms",0.30161763323302
"783","Lord Mendelsohn","expertise",0.30161763323302
"784","Lord Mendelsohn","functions",0.30161763323302
"785","Lord Mendelsohn","pledged",0.30161763323302
"786","Lord Mendelsohn","prospectus",0.30161763323302
"787","Lord Mendelsohn","27",0.284665316608819
"788","Lord Mendelsohn","match",0.284665316608819
"789","Lord Mendelsohn","megabit",0.284665316608819
"790","Lord Mendelsohn","budget",0.266115893587219
"791","Lord Mendelsohn","5g",0.266115893587219
"792","Lord Mendelsohn","25",0.251158940180793
"793","Lord Moynihan","2006",0.241674397315219
"794","Lord Moynihan","august",0.241674397315219
"795","Lord Moynihan","equality",0.241674397315219
"796","Lord Moynihan","guide",0.241674397315219
"797","Lord Moynihan","human",0.241674397315219
"798","Lord Moynihan","premier",0.241674397315219
"799","Lord Moynihan","league",0.213228243684963
"800","Lord Moynihan","stadia",0.213228243684963
"801","Lord Moynihan","updated",0.213228243684963
"802","Lord Moynihan","legal",0.19658831052151
"803","Lord Moynihan","clubs",0.19658831052151
"804","Lord Moynihan","standards",0.19658831052151
"805","Lord Patten","charities",0.957206750098442
"806","Lord Patten","wales",0.913859125254333
"807","Lord Patten","england",0.913859125254333
"808","Lord Patten","amount",0.784839015998185
"809","Lord Patten","standards",0.512052330857168
"810","Lord Patten","annually",0.504447262098193
"811","Lord Patten","corporate",0.481300742969755
"812","Lord Patten","greatest",0.454737947377056
"813","Lord Patten","ten",0.454737947377056
"814","Lord Patten","pay",0.382818009824585
"815","Lord Patten","governance",0.363865297440446
"816","Lord Patten","estimate",0.315521182406129
"817","Lord Storey","television",0.838019141583172
"818","Lord Storey","estimate",0.664713969298033
"819","Lord Storey","companies",0.637401636662504
"820","Lord Storey","number",0.602251614720621
"821","Lord Storey","local",0.467318047916804
"822","Lord Storey","owned",0.459043494224865
"823","Lord Storey","another",0.405012029143115
"824","Lord Storey","production",0.373405648211266
"825","Lord Storey","uk",0.357071988165947
"826","Lord Storey","broadcasting",0.333586317443624
"827","Lord Storey","independent",0.279554852361874
"828","Lord Storey","architectur",0
"829","Lord Truscott","650",0.370022476422542
"830","Lord Truscott","journalists",0.370022476422542
"831","Lord Truscott","money",0.32646918187461
"832","Lord Truscott","licence",0.300992137781207
"833","Lord Truscott","payers",0.300992137781207
"834","Lord Truscott","value",0.300992137781207
"835","Lord Truscott","fee",0.282915887326679
"836","Lord Truscott","000",0.268894858186795
"837","Lord Truscott","per",0.247752920601582
"838","Lord Truscott","bbc",0.231961799139872
"839","Lord Truscott","paid",0.219352832167604
"840","Lord Truscott","year",0.152256003682884
"841","Lord Wigley","s4c",0.993798674159793
"842","Lord Wigley","new",0.616632576494218
"843","Lord Wigley","formula",0.542985580346524
"844","Lord Wigley","establish",0.470547469097191
"845","Lord Wigley","propose",0.435451072977469
"846","Lord Wigley","broadened",0.430218511113351
"847","Lord Wigley","intend",0.398109357847858
"848","Lord Wigley","fill",0.397118820813744
"849","Lord Wigley","impending",0.397118820813744
"850","Lord Wigley","nominate",0.397118820813744
"851","Lord Wigley","vacancies",0.397118820813744
"852","Lord Wigley","funding",0.384047790852712
"853","Lord, Jonathan","amateur",1.01912740400306
"854","Lord, Jonathan","elite",0.839399655428829
"855","Lord, Jonathan","dope",0.646042513399396
"856","Lord, Jonathan","enhancing",0.509043683876415
"857","Lord, Jonathan","drugs",0.449126973637666
"858","Lord, Jonathan","uk",0.342422431823324
"859","Lord, Jonathan","performance",0.319112206086431
"860","Lord, Jonathan","use",0.274955652124847
"861","Lord, Jonathan","culture",0.0236468957923257
"862","Lord, Jonathan","media",0.0230348919360158
"863","Lord, Jonathan","sport",0.0230348919360158
"864","Lord, Jonathan","digital",0.0206057949248265
"865","Loughton, Tim","treasure",0.64699571586439
"866","Loughton, Tim","act",0.450139759831267
"867","Loughton, Tim","code",0.383545194462988
"868","Loughton, Tim","practice",0.365191396360962
"869","Loughton, Tim","review",0.312501948461252
"870","Loughton, Tim","culture",0.013245280142044
"871","Loughton, Tim","media",0.0129024798609404
"872","Loughton, Tim","sport",0.0129024798609404
"873","Loughton, Tim","digital",0.0115418754633076
"874","Loughton, Tim","architectur",0
"875","Loughton, Tim","build",0
"876","Loughton, Tim","fund",0
"877","Lucas, Ian","sale",0.460981337065317
"878","Lucas, Ian","tickets",0.42500721606801
"879","Lucas, Ian","three",0.399483171023978
"880","Lucas, Ian","constituency",0.302010883985331
"881","Lucas, Ian","received",0.294909246894448
"882","Lucas, Ian","wales",0.288334157931647
"883","Lucas, Ian","lottery",0.282212896552576
"884","Lucas, Ian","national",0.244288738834776
"885","Lucas, Ian","years",0.214988672899959
"886","Lucas, Ian","culture",0.010696187343185
"887","Lucas, Ian","media",0.0104193599761034
"888","Lucas, Ian","sport",0.0104193599761034
"889","MacNeil, Angus Brendan","nondepartmental",0.407299973101962
"890","MacNeil, Angus Brendan","title",0.407299973101962
"891","MacNeil, Angus Brendan","word",0.407299973101962
"892","MacNeil, Angus Brendan","trade",0.359358951060865
"893","MacNeil, Angus Brendan","agencies",0.331315250920577
"894","MacNeil, Angus Brendan","officials",0.272712508906416
"895","MacNeil, Angus Brendan","bodies",0.272712508906416
"896","MacNeil, Angus Brendan","job",0.272712508906416
"897","MacNeil, Angus Brendan","public",0.200102323044931
"898","MacNeil, Angus Brendan","culture",0.0083382348805432
"899","MacNeil, Angus Brendan","media",0.00812243353619227
"900","MacNeil, Angus Brendan","sport",0.00812243353619227
"901","Main, Anne","machines",0.968955175078065
"902","Main, Anne","game",0.790431856265475
"903","Main, Anne","capped",0.643127126394748
"904","Main, Anne","50",0.59293868881317
"905","Main, Anne","addiction",0.533295529709579
"906","Main, Anne","10",0.529708735308488
"907","Main, Anne","shop",0.529708735308488
"908","Main, Anne","30",0.529708735308488
"909","Main, Anne","stakes",0.488060229659285
"910","Main, Anne","levels",0.439246439769577
"911","Main, Anne","gambling",0.420532754367735
"912","Main, Anne","potential",0.393722596985916
"913","Mann, John","companies",1.53169215796623
"914","Mann, John","hate",1.41458985834936
"915","Mann, John","social",1.34386496385948
"916","Mann, John","crime",1.05035096439311
"917","Mann, John","platforms",0.979224271634745
"918","Mann, John","13",0.842677738407086
"919","Mann, John","july",0.750127874151951
"920","Mann, John","removing",0.72477810678965
"921","Mann, John","speech",0.72477810678965
"922","Mann, John","dates",0.679020194757932
"923","Mann, John","answer",0.639932203340706
"924","Mann, John","met",0.606156166325574
"925","McCabe, Steve","creative",0.745044068851139
"926","McCabe, Steve","sector",0.696203533975979
"927","McCabe, Steve","replace",0.621683697862152
"928","McCabe, Steve","audit",0.542765026539629
"929","McCabe, Steve","funding",0.530365109696086
"930","McCabe, Steve","eu",0.504585353002254
"931","McCabe, Steve","conduct",0.446761239402659
"932","McCabe, Steve","left",0.432529217095061
"933","McCabe, Steve","uk",0.382099472292826
"934","McCabe, Steve","will",0.209142924786047
"935","McCabe, Steve","made",0.159076976912934
"936","McCabe, Steve","culture",0.026386899816987
"937","McMahon, Jim","region",1.01302596109254
"938","McMahon, Jim","apprenticeships",0.900731523606243
"939","McMahon, Jim","offered",0.830440120872713
"940","McMahon, Jim","number",0.783001158310208
"941","McMahon, Jim","currently",0.741883426526615
"942","McMahon, Jim","holds",0.683552623160215
"943","McMahon, Jim","staff",0.624364730675664
"944","McMahon, Jim","information",0.551428077135182
"945","McMahon, Jim","80",0.508123155520238
"946","McMahon, Jim","least",0.480945341171547
"947","McMahon, Jim","150",0.448314795571514
"948","McMahon, Jim","facilities",0.402898891497163
"949","Milling, Amanda","reform",0.918959680834434
"950","Milling, Amanda","society",0.785987032604836
"951","Milling, Amanda","proposals",0.687990765894456
"952","Milling, Amanda","lottery",0.610206753058555
"953","Milling, Amanda","sector",0.610206753058555
"954","Milling, Amanda","regulatory",0.567810402379446
"955","Milling, Amanda","gambling",0.390939535551004
"956","Milling, Amanda","commission",0.3522507982183
"957","Milling, Amanda","publish",0.243953093628183
"958","Milling, Amanda","culture",0.0231275247464638
"959","Milling, Amanda","media",0.0225289627002636
"960","Milling, Amanda","sport",0.0225289627002636
"961","Mills, Nigel","link",0.414069159466684
"962","Mills, Nigel","telegraphy",0.414069159466684
"963","Mills, Nigel","wireless",0.414069159466684
"964","Mills, Nigel","licenses",0.365331374022339
"965","Mills, Nigel","ofcoms",0.336821597169204
"966","Mills, Nigel","act",0.28808381172486
"967","Mills, Nigel","issuing",0.277244897609316
"968","Mills, Nigel","performance",0.259574034871725
"969","Mills, Nigel","made",0.105952384383489
"970","Mills, Nigel","culture",0.0084768134947998
"971","Mills, Nigel","media",0.00825742560585242
"972","Mills, Nigel","sport",0.00825742560585242
"973","Moran, Layla","abingdon",0.502247603250208
"974","Moran, Layla","oxford",0.502247603250208
"975","Moran, Layla","compulsory",0.49421412491775
"976","Moran, Layla","registration",0.49421412491775
"977","Moran, Layla","viewers",0.487979241121523
"978","Moran, Layla","west",0.443130821989143
"979","Moran, Layla","iplayer",0.436042919859085
"980","Moran, Layla","introduction",0.436042919859085
"981","Moran, Layla","interest",0.430541909672576
"982","Moran, Layla","states",0.413714117621482
"983","Moran, Layla","connectivity",0.408549721788085
"984","Moran, Layla","tour",0.38886828589369
"985","Morris, Grahame","women",0.615994623759503
"986","Morris, Grahame","encouraged",0.531386959762848
"987","Morris, Grahame","proposals",0.516221071117218
"988","Morris, Grahame","strategy",0.49515711930858
"989","Morris, Grahame","mine",0.453049989974258
"990","Morris, Grahame","children",0.440774854193094
"991","Morris, Grahame","local",0.427146643956821
"992","Morris, Grahame","library",0.403927829712674
"993","Morris, Grahame","celebrate",0.399723987053955
"994","Morris, Grahame","keep",0.396625347723476
"995","Morris, Grahame","will",0.39001285924982
"996","Morris, Grahame","access",0.384598660839326
"997","Norris, Alex","discrimination",0.999234521722129
"998","Norris, Alex","culture",0.0204563041814407
"999","Norris, Alex","media",0.0199268758304707
"1000","Norris, Alex","sport",0.0199268758304707
"1001","Norris, Alex","digital",0.0178255282462672
"1002","Norris, Alex","architectur",0
"1003","Norris, Alex","build",0
"1004","Norris, Alex","fund",0
"1005","Norris, Alex","futur",0
"1006","Norris, Alex","grant",0
"1007","Norris, Alex","heritag",0
"1008","Norris, Alex","histor",0
"1009","Onwurah, Chi","data",1.48776999273445
"1010","Onwurah, Chi","regulating",1.22859976977024
"1011","Onwurah, Chi","newcastle",1.12109151595081
"1012","Onwurah, Chi","council",0.947593242187853
"1013","Onwurah, Chi","scientific",0.929495195417609
"1014","Onwurah, Chi","companies",0.824872231572075
"1015","Onwurah, Chi","political",0.80577785605545
"1016","Onwurah, Chi","charter",0.795928209910945
"1017","Onwurah, Chi","govern",0.773860915042275
"1018","Onwurah, Chi","receive",0.762634434473568
"1019","Onwurah, Chi","economy",0.719115329496957
"1020","Onwurah, Chi","size",0.679710736127578
"1021","Perkins, Toby","bags",0.45661713146059
"1022","Perkins, Toby","letterboxes",0.45661713146059
"1023","Perkins, Toby","plastic",0.45661713146059
"1024","Perkins, Toby","posting",0.371431940769187
"1025","Perkins, Toby","charity",0.263940198027458
"1026","Perkins, Toby","practice",0.257733774353741
"1027","Perkins, Toby","sector",0.246637892048975
"1028","Perkins, Toby","peoples",0.19824165218559
"1029","Perkins, Toby","culture",0.00934785451519081
"1030","Perkins, Toby","media",0.00910592326714187
"1031","Perkins, Toby","sport",0.00910592326714187
"1032","Perkins, Toby","digital",0.00814567691331594
"1033","Phillips, Jess","gathering",0.360057017610995
"1034","Phillips, Jess","maximise",0.360057017610995
"1035","Phillips, Jess","order",0.360057017610995
"1036","Phillips, Jess","publicise",0.360057017610995
"1037","Phillips, Jess","evidence",0.292885806564092
"1038","Phillips, Jess","action",0.261652972072727
"1039","Phillips, Jess","participation",0.232916070712239
"1040","Phillips, Jess","young",0.22571459551719
"1041","Phillips, Jess","time",0.22571459551719
"1042","Phillips, Jess","independent",0.219272656439809
"1043","Phillips, Jess","full",0.213445213702648
"1044","Phillips, Jess","review",0.173909218873664
"1045","Pollard, Luke","politicians",0.480188603237599
"1046","Pollard, Luke","statues",0.480188603237599
"1047","Pollard, Luke","female",0.423668264587995
"1048","Pollard, Luke","male",0.423668264587995
"1049","Pollard, Luke","britain",0.423668264587995
"1050","Pollard, Luke","2019",0.349369317928525
"1051","Pollard, Luke","400",0.349369317928525
"1052","Pollard, Luke","anniversary",0.349369317928525
"1053","Pollard, Luke","mayflower",0.349369317928525
"1054","Pollard, Luke","2021",0.308246992179927
"1055","Pollard, Luke","celebrations",0.308246992179927
"1056","Pollard, Luke","2020",0.308246992179927
"1057","Reed, Steve","societies",1.26733715035001
"1058","Reed, Steve","2016",1.15915269463969
"1059","Reed, Steve","give",1.04302779772803
"1060","Reed, Steve","charities",1.02866702022413
"1061","Reed, Steve","office",1.00038695119882
"1062","Reed, Steve","civil",0.952671229846685
"1063","Reed, Steve","public",0.799150381680091
"1064","Reed, Steve","citizen",0.793761566250594
"1065","Reed, Steve","service",0.781817949521999
"1066","Reed, Steve","2017",0.765950667361805
"1067","Reed, Steve","publish",0.737707161051367
"1068","Reed, Steve","december",0.69532312601771
"1069","Rees, Christina","sources",0.59473354842166
"1070","Rees, Christina","neath",0.577605895347428
"1071","Rees, Christina","wifi",0.577605895347428
"1072","Rees, Christina","welsh",0.515391892761514
"1073","Rees, Christina","coverage",0.469849385681965
"1074","Rees, Christina","bodies",0.451335016540095
"1075","Rees, Christina","constituency",0.333875809504062
"1076","Rees, Christina","national",0.315168309006992
"1077","Rees, Christina","funding",0.277366925781074
"1078","Rees, Christina","culture",0.0256243842175869
"1079","Rees, Christina","media",0.0249612011049088
"1080","Rees, Christina","sport",0.0249612011049088
"1081","Robinson, Gavin","flag",0.312848909702507
"1082","Robinson, Gavin","fly",0.312848909702507
"1083","Robinson, Gavin","great",0.312848909702507
"1084","Robinson, Gavin","protocol",0.312848909702507
"1085","Robinson, Gavin","formal",0.276025198762005
"1086","Robinson, Gavin","britain",0.276025198762005
"1087","Robinson, Gavin","northern",0.276025198762005
"1088","Robinson, Gavin","sites",0.276025198762005
"1089","Robinson, Gavin","ireland",0.254484708724415
"1090","Robinson, Gavin","internationally",0.254484708724415
"1091","Robinson, Gavin","policies",0.227346900711743
"1092","Robinson, Gavin","exist",0.227346900711743
"1093","Rosindell, Andrew","republic",0.518702325266302
"1094","Rosindell, Andrew","ireland",0.421934697760636
"1095","Rosindell, Andrew","tourism",0.421934697760636
"1096","Rosindell, Andrew","shared",0.396595174514613
"1097","Rosindell, Andrew","industry",0.264113494879126
"1098","Rosindell, Andrew","leaving",0.254833162556117
"1099","Rosindell, Andrew","eu",0.203059919503282
"1100","Rosindell, Andrew","uk",0.153768014914379
"1101","Rosindell, Andrew","made",0.132726011804428
"1102","Rosindell, Andrew","culture",0.0106188610527397
"1103","Rosindell, Andrew","media",0.0103440349626275
"1104","Rosindell, Andrew","sport",0.0103440349626275
"1105","Ruane, Chris","health",0.528624026438533
"1106","Ruane, Chris","art",0.476309552595893
"1107","Ruane, Chris","cure",0.396197795640569
"1108","Ruane, Chris","ill",0.396197795640569
"1109","Ruane, Chris","conclusions",0.363605072110813
"1110","Ruane, Chris","wellbeing",0.363605072110813
"1111","Ruane, Chris","mental",0.349563549365567
"1112","Ruane, Chris","based",0.322284264045296
"1113","Ruane, Chris","preventing",0.322284264045296
"1114","Ruane, Chris","physical",0.302929303090565
"1115","Ruane, Chris","19",0.295771946128342
"1116","Ruane, Chris","recommendations",0.278009197190608
"1117","Saville Roberts, Liz","code",2.96689834369654
"1118","Saville Roberts, Liz","practice",2.82492328058648
"1119","Saville Roberts, Liz","providers",2.2358349329236
"1120","Saville Roberts, Liz","online",2.22796552940101
"1121","Saville Roberts, Liz","platforms",2.22224744565063
"1122","Saville Roberts, Liz","social",2.08634988128897
"1123","Saville Roberts, Liz","content",1.3335269318688
"1124","Saville Roberts, Liz","include",1.18906370197335
"1125","Saville Roberts, Liz","consult",1.08737416001339
"1126","Saville Roberts, Liz","person",1.04020939109749
"1127","Saville Roberts, Liz","device",0.841675538672758
"1128","Saville Roberts, Liz","permitted",0.841675538672758
"1129","Shannon, Jim","bully",0.703869347869109
"1130","Shannon, Jim","five",0.615664958049448
"1131","Shannon, Jim","complaints",0.554487326823197
"1132","Shannon, Jim","guilty",0.484067179963253
"1133","Shannon, Jim","illegal",0.484067179963253
"1134","Shannon, Jim","rural",0.47128403750632
"1135","Shannon, Jim","standards",0.451043751413944
"1136","Shannon, Jim","years",0.427342036999892
"1137","Shannon, Jim","drug",0.427090315547452
"1138","Shannon, Jim","found",0.427090315547452
"1139","Shannon, Jim","advertising",0.423956067740176
"1140","Shannon, Jim","areas",0.39729324893687
"1141","Sherriff, Paula","next",0.490168869725161
"1142","Sherriff, Paula","rural",0.429246905184081
"1143","Sherriff, Paula","provision",0.390417875060586
"1144","Sherriff, Paula","five",0.380042035923051
"1145","Sherriff, Paula","areas",0.361855874557163
"1146","Sherriff, Paula","broadband",0.278329476240149
"1147","Sherriff, Paula","years",0.263792726309265
"1148","Sherriff, Paula","culture",0.0131243027007585
"1149","Sherriff, Paula","media",0.0127846334293758
"1150","Sherriff, Paula","sport",0.0127846334293758
"1151","Sherriff, Paula","digital",0.0114364562840821
"1152","Sherriff, Paula","architectur",0
"1153","Smith, Cat","youth",3.1384602728082
"1154","Smith, Cat","9th",2.36967545789066
"1155","Smith, Cat","commonwealth",2.31684284205147
"1156","Smith, Cat","communiqu",2.25259516575662
"1157","Smith, Cat","uphold",2.25259516575662
"1158","Smith, Cat","commit",2.22164643383821
"1159","Smith, Cat","final",2.19962650062514
"1160","Smith, Cat","ministers",2.13802651123623
"1161","Smith, Cat","point",2.09852701380689
"1162","Smith, Cat","meeting",2.02778106272714
"1163","Smith, Cat","outline",1.78677466043346
"1164","Smith, Cat","reason",1.21389159639832
"1165","Smith, Royston","gap",0.461150182873531
"1166","Smith, Royston","gender",0.461150182873531
"1167","Smith, Royston","pay",0.34996045870802
"1168","Smith, Royston","holds",0.34996045870802
"1169","Smith, Royston","bbc",0.327654896792402
"1170","Smith, Royston","five",0.309844249576883
"1171","Smith, Royston","information",0.28231626400105
"1172","Smith, Royston","years",0.215067417815021
"1173","Smith, Royston","culture",0.0107001050861641
"1174","Smith, Royston","media",0.0104231763242173
"1175","Smith, Royston","sport",0.0104231763242173
"1176","Smith, Royston","digital",0.0093240217665756
"1177","Stevens, Jo","sources",0.490283773636036
"1178","Stevens, Jo","2018",0.452022945316863
"1179","Stevens, Jo","bodies",0.372069535459388
"1180","Stevens, Jo","games",0.329418947587496
"1181","Stevens, Jo","wales",0.306662217431302
"1182","Stevens, Jo","commonwealth",0.306662217431302
"1183","Stevens, Jo","national",0.25981703618455
"1184","Stevens, Jo","funding",0.228654501523692
"1185","Stevens, Jo","culture",0.0113760941549608
"1186","Stevens, Jo","media",0.0110816701614808
"1187","Stevens, Jo","sport",0.0110816701614808
"1188","Stevens, Jo","digital",0.00991307549461587
"1189","The Lord Bishop of St Albans","intend",0.515647824161441
"1190","The Lord Bishop of St Albans","online",0.398561200902593
"1191","The Lord Bishop of St Albans","incorporate",0.375638324357358
"1192","The Lord Bishop of St Albans","triennial",0.375638324357358
"1193","The Lord Bishop of St Albans","affiliates",0.371371272036043
"1194","The Lord Bishop of St Albans","firms",0.371371272036043
"1195","The Lord Bishop of St Albans","specific",0.371371272036043
"1196","The Lord Bishop of St Albans","prize",0.346324212385526
"1197","The Lord Bishop of St Albans","electronic",0.327659218233247
"1198","The Lord Bishop of St Albans","limits",0.325525518945571
"1199","The Lord Bishop of St Albans","machine",0.309392798969894
"1200","The Lord Bishop of St Albans","target",0.302089305929106
"1201","Timms, Stephen","legacy",0.462204332328451
"1202","Timms, Stephen","olympic",0.462204332328451
"1203","Timms, Stephen","paralympic",0.462204332328451
"1204","Timms, Stephen","2012",0.407800822515054
"1205","Timms, Stephen","london",0.321573299553205
"1206","Timms, Stephen","games",0.273999110315142
"1207","Timms, Stephen","made",0.118269255178659
"1208","Timms, Stephen","culture",0.00946223555186555
"1209","Timms, Stephen","media",0.009217344015238
"1210","Timms, Stephen","sport",0.009217344015238
"1211","Timms, Stephen","digital",0.0082453480162678
"1212","Timms, Stephen","architectur",0
"1213","Tomlinson, Justin","active",1.09061083176339
"1214","Tomlinson, Justin","participated",1.03901224398147
"1215","Tomlinson, Justin","fundraise",0.954498648921429
"1216","Tomlinson, Justin","five",0.856513484876257
"1217","Tomlinson, Justin","swindon",0.793624910111608
"1218","Tomlinson, Justin","regularly",0.731691907086832
"1219","Tomlinson, Justin","people",0.697324938903185
"1220","Tomlinson, Justin","north",0.687749742133449
"1221","Tomlinson, Justin","smaller",0.605837058652829
"1222","Tomlinson, Justin","years",0.594518516214623
"1223","Tomlinson, Justin","creation",0.574838544753258
"1224","Tomlinson, Justin","mentoring",0.567568852941481
"1225","Trickett, Jon","2010",2.6384671741222
"1226","Trickett, Jon","big",2.33940791030758
"1227","Trickett, Jon","year",2.14686778400514
"1228","Trickett, Jon","lottery",1.95337388598002
"1229","Trickett, Jon","consultancy",1.81727892844584
"1230","Trickett, Jon","spent",1.70270700244778
"1231","Trickett, Jon","fund",1.48807253160397
"1232","Trickett, Jon","servants",1.22425535423995
"1233","Trickett, Jon","paid",1.22099019809563
"1234","Trickett, Jon","betting",1.16017804780935
"1235","Trickett, Jon","received",1.11325100791148
"1236","Trickett, Jon","procured",1.1051690637641
"1237","Turley, Anna","map",0.951022912658979
"1238","Turley, Anna","snap",0.951022912658979
"1239","Turley, Anna","snapchat",0.951022912658979
"1240","Turley, Anna","users",0.849607478510674
"1241","Turley, Anna","feature",0.724447205113472
"1242","Turley, Anna","protected",0.693073150966057
"1243","Turley, Anna","privacy",0.627800831549025
"1244","Turley, Anna","data",0.574383139813982
"1245","Turley, Anna","service",0.4417973755028
"1246","Turley, Anna","inc",0.418429511209296
"1247","Turley, Anna","commissioners",0.355268712181333
"1248","Turley, Anna","unofficial",0.348039462041079
"1249","Walker, Thelma","gap",0.494909375269211
"1250","Walker, Thelma","gender",0.494909375269211
"1251","Walker, Thelma","help",0.494909375269211
"1252","Walker, Thelma","pay",0.375579840191915
"1253","Walker, Thelma","bbc",0.351641366083763
"1254","Walker, Thelma","culture",0.0114834223647281
"1255","Walker, Thelma","media",0.0111862206164492
"1256","Walker, Thelma","sport",0.0111862206164492
"1257","Walker, Thelma","digital",0.0100066007970293
"1258","Walker, Thelma","architectur",0
"1259","Walker, Thelma","build",0
"1260","Walker, Thelma","fund",0
"1261","Watson, Tom","decision",0.878878877578007
"1262","Watson, Tom","relocate",0.873499312230219
"1263","Watson, Tom","corporation",0.821040824589558
"1264","Watson, Tom","channel",0.780350860390722
"1265","Watson, Tom","location",0.718995543683671
"1266","Watson, Tom","market",0.650961710546566
"1267","Watson, Tom","television",0.618124365930455
"1268","Watson, Tom","609",0.523694200005713
"1269","Watson, Tom","june",0.523694200005713
"1270","Watson, Tom","four",0.482826084527268
"1271","Watson, Tom","outside",0.453829695139056
"1272","Watson, Tom","30",0.431338348187084
"1273","West, Catherine","swimming",1.74593897521564
"1274","West, Catherine","outdoor",1.27668760595693
"1275","West, Catherine","pools",1.23687079822517
"1276","West, Catherine","public",0.919874065233428
"1277","West, Catherine","bath",0.841245999290956
"1278","West, Catherine","thames",0.841245999290956
"1279","West, Catherine","indoor",0.805333844645822
"1280","West, Catherine","promote",0.692588619919077
"1281","West, Catherine","five",0.645916981654882
"1282","West, Catherine","librarians",0.624908029070794
"1283","West, Catherine","affordable",0.607766974598196
"1284","West, Catherine","estimate",0.601296116454287
"1285","Whitfield, Martin","tech",0.643656077689968
"1286","Whitfield, Martin","potential",0.394046421108839
"1287","Whitfield, Martin","industries",0.371460112629125
"1288","Whitfield, Martin","leaving",0.358407870480278
"1289","Whitfield, Martin","eu",0.285591846049634
"1290","Whitfield, Martin","uk",0.216265678378127
"1291","Whitfield, Martin","made",0.186671337321295
"1292","Whitfield, Martin","culture",0.0149348041623126
"1293","Whitfield, Martin","media",0.0145482774139039
"1294","Whitfield, Martin","sport",0.0145482774139039
"1295","Whitfield, Martin","digital",0.0130141188303851
"1296","Whitfield, Martin","architectur",0
"1297","Williams, Hywel","relating",0.818706736159845
"1298","Williams, Hywel","eu",0.478678257123733
"1299","Williams, Hywel","responsibilities",0.473435645377817
"1300","Williams, Hywel","staff",0.460853506054269
"1301","Williams, Hywel","expenditure",0.445344279895599
"1302","Williams, Hywel","annual",0.392925273393464
"1303","Williams, Hywel","leaving",0.381931522571269
"1304","Williams, Hywel","uk",0.362481210278435
"1305","Williams, Hywel","allocated",0.362262120264656
"1306","Williams, Hywel","exit",0.340506266891328
"1307","Williams, Hywel","amount",0.340506266891328
"1308","Williams, Hywel","work",0.271212109490072
"1309","Williamson, Chris","local",1.13217848114159
"1310","Williamson, Chris","libraries",1.07063558430098
"1311","Williamson, Chris","maintain",0.837302379194196
"1312","Williamson, Chris","authorities",0.665860809193036
"1313","Williamson, Chris","close",0.631805131836956
"1314","Williamson, Chris","adequate",0.577792741733894
"1315","Williamson, Chris","run",0.451538795454406
"1316","Williamson, Chris","funding",0.423546990529527
"1317","Williamson, Chris","number",0.388352501866209
"1318","Williamson, Chris","next",0.345242538273604
"1319","Williamson, Chris","12",0.274984533899266
"1320","Williamson, Chris","months",0.267676478937371
"1321","Zeichner, Daniel","rehearsal",0.378982647099918
"1322","Zeichner, Daniel","europe",0.334374700530616
"1323","Zeichner, Daniel","able",0.308280724553402
"1324","Zeichner, Daniel","continue",0.308280724553402
"1325","Zeichner, Daniel","touring",0.289766753961315
"1326","Zeichner, Daniel","travel",0.275406202705422
"1327","Zeichner, Daniel","musicians",0.275406202705422
"1328","Zeichner, Daniel","purposes",0.275406202705422
"1329","Zeichner, Daniel","left",0.2636727779841
"1330","Zeichner, Daniel","across",0.253752308735706
"1331","Zeichner, Daniel","british",0.245158807392013
"1332","Zeichner, Daniel","eu",0.148362908868281
